{
    "000": {
        "store_id": "000",
        "name": "Bakery",
        "address": "400 N Meadow St Ithaca, NY 14850",
        "contacts": [
            {
                "title": "General Manager",
                "name": "Michele Smithers",
                "email": "michele.ctb@gmail.com"
            },
            {
                "title": "Inventory Clerk",
                "name": "Andrew Goldsmith",
                "email": "purchasing@ithacabakery.com"
            }
        ]
    },
    "001": {
        "store_id": "001",
        "name": "Collegetown",
        "address": "420 College Ave Ithaca, NY 14850",
        "contacts": [
            {
                "title": "General Manager",
                "name": "Rachel Lance",
                "email": "rachellancectb@gmail.com"
            },
            {
                "title": "Inventory Clerk",
                "name": "Leah Kaller",
                "email": "lkaller33@gmail.com"
            }
        ]
    },
    "002": {
        "store_id": "002",
        "name": "Triphammer",
        "address": "2255 N Triphammer Rd Ithaca, NY 14850",
        "contacts": [
            {
                "title": "General Manager",
                "name": "Tyler Marshal",
                "email": "tylerm.ibctb@gmail.com"
            },
            {
                "title": "Inventory Clerk",
                "name": "Tyler Beyor",
                "email": "tylerbeyor@gmail.com"
            }
        ]
    },
    "003": {
        "store_id": "003",
        "name": "Downtown",
        "address": "301 E State St Ithaca, NY 14850",
        "contacts": [
            {
                "title": "General Manager",
                "name": "Tucker Coburn",
                "email": "tucker.coburn@gmail.com"
            },
            {
                "title": "Inventory Clerk",
                "name": "Tucker Coburn",
                "email": "tucker.coburn@gmail.com"
            }
        ]
    },
    "004": {
        "store_id": "004",
        "name": "Easthill",
        "address": "389 Pine Tree Rd Ithaca, NY 14850",
        "contacts": [
            {
                "title": "General Manager",
                "name": "Tom Trescot",
                "email": "ttrescot@gmail.com"
            },
            {
                "title": "Inventory Clerk",
                "name": "Tom Trescot",
                "email": "ttrescot@gmail.com"
            }
        ]
    },
    "005": {
        "store_id": "005",
        "name": "Syracuse",
        "address": "177 Marshall St Syracuse, NY 13210",
        "contacts": [
            {
                "title": "General Manager",
                "name": "Casey Davis",
                "email": "caseydavis.ctb@gmail.com"
            },
            {
                "title": "Inventory Clerk",
                "name": "Ryan Bumpus",
                "email": "caseydavis.ctb@gmail.com"
            }
        ]
    }
}